2008-12-31 00:00:00.000,MID11 USPSA Oct 13 2019,Level I,Marsilia,Castellano,Single Stack,99.69724055384128,2,2
2015-08-27 00:00:00.000,2015 EGW Area 8 Championship,Level I,JULIE,GOLOB,Single Stack,93.55990279779208,3,31
2015-09-05 00:00:00.000,Lower Providence USPSA Sept 2015,Level I,Brianna,Jones,Revolver,100.0,1,2
2015-09-12 00:00:00.000,Quantico QPS  13 SEPT,Level I,Tracy,Deegan,Single Stack,93.01879092127469,2,6
2015-09-27 00:00:00.000,Ontelaunee USPSA September 2015,Level I,Stacey,Borgia,Open,100.0,1,20
2015-10-11 00:00:00.000,SMPS USPSA Oct 11,Level I,Cindi,Thomas,Production,99.16633733965003,2,34
2015-11-08 00:00:00.000,NHRPC - November USPSA,Level I,Annette,Evans,Production,100.0,1,30
2016-04-10 00:00:00.000,Quantico  QPS 10 April 2016 USPSA,Level I,Tracy,Deegan,Single Stack,100.0,1,3
2016-04-23 00:00:00.000,ESPS Apr USPSA,Level I,Brianna,Ennis,Single Stack,100.0,1,4
2016-04-23 00:00:00.000,Ontelaunee USPSA April 2016,Level I,Stacey,Frezzolini,Open,100.0,1,30
2016-05-08 00:00:00.000,MID11 USPSA May 08  2016,Level I,Stacey,Frezzolini,Production,100.0,1,5
2016-06-04 00:00:00.000,FBURG June 2016 Level I USPSA,Level I,Carrie,Carlson,Single Stack,91.24831809055097,2,12
2016-06-21 00:00:00.000,KSA USPSA Longest Day 2016,Level I,Kaitlyn,Thursby,Single Stack,100.0,1,2
2016-09-01 00:00:00.000,EGW 2016 USPSA Area 8 Championship,Level I,Michelle,Viscusi,Limited 10,100.0,1,19
2016-09-04 00:00:00.000,PMSC Sept,Level I,Rhianna,Trout,Single Stack,100.0,1,7
2016-09-10 00:00:00.000,LCSA USPSA September 10  2016,Level I,Sophia,Smith,PCC,100.0,1,1
2016-09-11 00:00:00.000,Quantico QPS 11 Sept 2016 USPSA,Level I,Elaine,Chandler,Revolver,100.0,1,1
2016-09-17 00:00:00.000,WSPS SEPTEMBER 2016 USPSA,Level I,Stacey,Frezzolini,Open,100.0,1,5
2016-09-21 00:00:00.000,MID11 USPSA Oct. 9 2016,Level I,Kaitlyn,Thursby,Single Stack,99.0532036611561,2,2
2016-09-24 00:00:00.000,Castlewood WPA13 Sept 24 2016,Level I,Sophia,Smith,PCC,100.0,1,2
2016-10-01 00:00:00.000,Gem City Gun Club 10-1-16  and 10-2-16,Level I,Marlene,Cassata,Carry Optics,95.87731922285934,2,4
2016-10-09 00:00:00.000,LCSA USPSA October,Level I,Jennifer,Turovsky,Limited,91.86054569258032,3,12
2016-10-22 00:00:00.000,ESPS USPSA OCT,Level I,Brianna,Ennis,Single Stack,100.0,1,2
2016-10-22 00:00:00.000,Castlewood WPA13 Halloween Oct 22 2016,Level I,amanda,warzel,Production,100.0,1,5
2016-10-29 00:00:00.000,WSPS OCTOBER 2016 SPECIAL CLASSIFIER MATCH,Level I,Jeanice,Naulty,Revolver,100.0,1,3
2016-11-12 00:00:00.000,KSA USPSA November 2016,Level I,Michele,Crawford,Open,100.0,1,1
2017-03-12 00:00:00.000,MID11 Factoryville March 12 2017,Level I,Kaitlyn,Thursby,Single Stack,100.0,1,3
2017-03-25 00:00:00.000,ESPS USPSA March 2017,Level I,Barbara,Boyce,Limited 10,96.35207866993427,3,4
2017-04-01 00:00:00.000,KSA USPSA April 2017,Level I,Kaitlyn,Thursby,Single Stack,100.0,1,2
2017-06-03 00:00:00.000,FBURG June 2017 Level I USPSA,Level I,Carrie,Carlson,Single Stack,98.76824228900298,2,8
2017-06-03 00:00:00.000,KSA USPSA June 2017,Level I,Kaitlyn,Thursby,Single Stack,98.62426043557367,2,5
2017-06-10 00:00:00.000,LCSA USPSA June 2017,Level I,Sophia,Smith,PCC,100.0,1,5
2017-07-22 00:00:00.000,ESPS USPSA July 2017,Level I,Cindi,Thomas,Production,94.84733873369498,2,20
2017-08-16 00:00:00.000,WSPS AUGUST 2017 USPSA MATCH,Level I,Jeanice,Naulty,Revolver,98.01362563654916,2,3
2017-09-02 00:00:00.000,KSA USPSA Sep 2  2017,Level I,Kaitlyn,Thursby,Single Stack,100.0,1,2
2017-09-02 00:00:00.000,LCSA USPSA September 2017,Level I,Amanda,warzel,Production,94.98674766527284,3,14
2017-09-10 00:00:00.000,NHRPC - September 2017 USPSA,Level I,Annette,Evans,Production,93.23715924924711,3,22
2017-09-23 00:00:00.000,Castlewood September 2017 USPSA Match,Level I,Sophia,Smith,Open,98.03485524524359,2,4
2017-09-23 00:00:00.000,Castlewood September 2017 USPSA Match,Level I,sophia,smith,Open,95.6315389096301,3,4
2017-10-28 00:00:00.000,Castlewood October 2017 Halloween USPSA Match,Level I,Amanda,warzel,Production,100.0,1,6
2017-11-03 00:00:00.000,KSA USPSA Nov 4  2017,Level I,Kaitlyn,Thursby,Single Stack,92.67534018421867,2,3
2018-02-13 00:00:00.000,2018 Florida Open,Level II,Lena,Miculek,PCC,91.0459202794022,5,42
2018-03-11 00:00:00.000,NHRPC - March 2018 USPSA  (Mar 10  2018 at 22:26:30),Level I,Jeanice,Naulty,Revolver,90.48882566065541,2,3
2018-03-17 00:00:00.000,WSPS MARCH 2018 USPSA MATCH,Level I,Jeanice,Naulty,Revolver,100.0,1,3
2018-03-24 00:00:00.000,EHPSA USPSA 24 March 2018 Orientation Class,Level I,Jenn,Houda,PCC,100.0,1,1
2018-04-07 00:00:00.000,KSA USPSA Apr 7  2018,Level I,Kaitlyn,Thursby,Single Stack,91.36329008637449,2,2
2018-04-28 00:00:00.000,Castlewood April 2018 USPSA Match,Level I,Jenn,DeFazio,Limited,99.64837448352772,2,22
2018-05-05 00:00:00.000,KSA USPSA May 2018,Level I,Michele,Crawford,Open,98.56579138680482,2,4
2018-05-12 00:00:00.000,Shadow Hawk USPSA May 12  2018,Level I,Ian,Meyers,PCC,100.0,1,14
2018-05-15 00:00:00.000,2018 Berry’s USPSA Area 1 Championship,Level I,Ashley,Rheuark,Production,95.13642191666038,3,60
2018-06-02 00:00:00.000,Gem City Gun Club 6-2 and 6-3,Level I,Jeff,Morse,Open,95.87275073481723,4,18
2018-06-02 00:00:00.000,LPRGC - Lower Providence USPSA June 2018,Level I,Matt,Olinchak,Production,100.0,1,14
2018-06-03 00:00:00.000,FBURG Flood June 3 2018,Level I,Mia,Farinelli,PCC,100.0,1,4
2018-06-09 00:00:00.000,LCSA USPSA JUNE 2018,Level I,Heather,Maslonek,PCC,97.84037530289511,2,9
2018-06-10 00:00:00.000,NHRPC - June 2018 USPSA,Level I,Annette,Evans,Carry Optics,91.61760751140334,2,5
2018-06-15 00:00:00.000,LIMCAT CUSTOM OPTICS AND IRON SIGHT CHALLENGE  2018,Level II,Kimberly,Barry,Single Stack,91.18260281330599,2,4
2018-06-30 00:00:00.000,LCSA USPSA ALL CLASSIFIER,Level I,Jenn,DeFazio,Limited,95.49593518702409,2,24
2018-07-01 00:00:00.000,FBURG July 2018 Level I USPSA,Level I,Ryan,Clements,Limited,100.0,1,36
2018-07-28 00:00:00.000,Castlewood July 2018 USPSA Match,Level I,Jenn,DeFazio,Limited,92.54979909422076,3,24
2018-08-04 00:00:00.000,LPRGC - Lower Providence USPSA August 2018,Level I,Linda,Mitchell,Single Stack,96.97402058698256,2,4
2018-08-10 00:00:00.000,2018 Columbia Cascade Section Championship,Level II,Mikayla,Blosser,Limited,91.76900867034475,6,33
2018-08-18 00:00:00.000,WSPS AUGUST 2018 USPSA MATCH,Level I,Jeanice,Naulty,Revolver,93.43649263566824,2,6
2018-08-26 00:00:00.000,EHPSA USPSA 26 August 2018,Level I,Linda,Dorisio,PCC,100.0,1,8
2018-08-26 00:00:00.000,EHPSA USPSA 26 August 2018,Level I,Linda,Dorisio,PCC,91.24579316648774,5,8
2018-08-30 00:00:00.000,Berrys 2018 Utah State USPSA Championship,Level II,Justine,Williams,Production,98.95998330750459,2,39
2018-08-30 00:00:00.000,Berrys 2018 Utah State USPSA Championship,Level II,Jalise,Williams,Single Stack,95.26521881795638,3,9
2018-09-01 00:00:00.000,FBURG September 2018 Level I USPSA,Level I,Megan,Francisco,Open,91.99941483818877,2,9
2018-09-01 00:00:00.000,LPRGC - Lower Providence USPSA September 2018,Level I,Jeanice,Naulty,Revolver,93.94296795702473,3,3
2018-09-09 00:00:00.000,MID11 Factoryville September 9 2018,Level I,stacey,frezzolini,Open,97.09954747744037,2,9
2018-09-13 00:00:00.000,2018 Walther Arms USPSA Area 4 Championship,Level I,Lena,Miculek,PCC,100.0,1,27
2018-09-23 00:00:00.000,EHPSA USPSA 23 September 2018,Level I,Linda,Dorisio,PCC,92.26242049552837,4,13
2018-09-28 00:00:00.000,LCSA USPSA  ALL CLASSIFIER MATCH SEPTEMBER 30  2018,Level I,Linda,Dorisio,PCC,93.65345507713138,2,9
2018-09-28 00:00:00.000,LCSA USPSA  ALL CLASSIFIER MATCH SEPTEMBER 30  2018,Level I,Linda,Dorisio,PCC,92.43508579950472,3,9
2018-10-14 00:00:00.000,MID11 Factoryville October 14 2018,Level I,Stacey,Frezzolini,Open,100.0,1,9
2018-10-14 00:00:00.000,MID11 Factoryville October 14 2018,Level I,Marsilia,Castellano,Single Stack,100.0,1,1
2018-10-20 00:00:00.000,2018 USPSA SIG Optics Nationals Championship,Level III,Lena,Miculek,PCC,91.5284463683832,4,99
2018-11-07 00:00:00.000,2018 Springfield Armory Desert Classic Area 2 Championship,Level III,Jalise,Williams,Single Stack,97.38589433980346,2,30
2018-12-02 00:00:00.000,Bridgeville USPSA CASE,Level I,Lorna,Castell,Single Stack,100.0,1,1
2018-12-09 00:00:00.000,CJR&PC USPSA Dec 9 2018,Level I,Linda,Mitchell,Single Stack,90.04504404969101,2,4
2018-12-30 00:00:00.000,Ontelaunee  Holiday Hosefest,Level I,Linda,Mitchell,Single Stack,100.0,1,2
2019-01-01 00:00:00.000,CJR&PC USPSA Work Party,Level I,Linda,Mitchell,Limited 10,100.0,1,2
2019-01-01 00:00:00.000,CJR&PC USPSA Work Party,Level I,Linda,Mitchell,Single Stack,100.0,1,1
2019-02-10 00:00:00.000,MID11 USPSA Feb 10  2019,Level I,Stacey,Frezzolini,Open,100.0,1,10
2019-03-06 00:00:00.000,MID11 USPSA Mar 10  2019,Level I,Stacey,Frezzolini,Open,95.46670690218374,2,10
2019-03-06 00:00:00.000,SCCPSA USPSA MARCH 16 2019,Level I,Dean,Barr,Limited 10,100.0,1,1
2019-03-09 00:00:00.000,Quinton USPSA - March 9 2019,Level I,Linda,Mitchell,Single Stack,100.0,1,5
2019-03-30 00:00:00.000,USPSA MO21 Ozarks Classic Level II 2Alpha SBRC March 29-30 2019,Level II,Ardena,Mrasek,Revolver,100.0,1,1
2019-04-05 00:00:00.000,AAFG AAPS USPSA Apr 5 2019,Level I,Michele,Carrasquillo,Carry Optics,95.02384616388846,2,6
2019-04-06 00:00:00.000,AAFG AAPS USPSA Apr 6 2019 Classifier Reshoot,Level I,Michele,Carrasquillo,Carry Optics,100.0,1,2
2019-04-06 00:00:00.000,LPRGC- Lower Providence USPSA April 2019 - Classifier Match,Level I,Linda,Mitchell,Single Stack,95.33993827847569,2,6
2019-04-07 00:00:00.000,FBURG April 2019,Level I,Mia,Farinelli,PCC,97.0589705309661,3,17
2019-04-11 00:00:00.000,2019 Hawai'i State Handgun Championships,Level II,Jessica,Hook,PCC,98.2570239671708,2,8
2019-04-13 00:00:00.000,MID11 USPSA Apr 14  2019,Level I,Stacey,Frezzolini,Open,100.0,1,13
2019-04-13 00:00:00.000,WPA08 USPSA Apr 14  2019,Level I,Heather,Maslonek,PCC,94.22069852975716,2,6
2019-04-14 00:00:00.000,NHRPC - April 2019 USPSA,Level I,Jeanice,Naulty,Revolver,90.51526161726015,2,2
2019-04-28 00:00:00.000,EHPSA USPSA 28 April 2019,Level I,Heather,Maslonek,PCC,96.20561345857193,2,17
2019-05-05 00:00:00.000,PMSC USPSA MAY 2019,Level I,Rhianna,Trout,Single Stack,100.0,1,4
2019-05-10 00:00:00.000,2019 Golden Bullet Championship presented by Limcat Custom,Level II,Justine,Williams,Open,90.50914360832165,2,54
2019-05-10 00:00:00.000,2019 Golden Bullet Championship presented by Limcat Custom,Level II,Jalise,Williams,Single Stack,100.0,1,13
2019-05-18 00:00:00.000,WPA08 USPSA May 19  2019,Level I,Rhianna,Trout,Single Stack,98.3015445305707,2,3
2019-05-18 00:00:00.000,WSPS MAY 2019 USPSA MATCH,Level I,Jeanice,Naulty,Revolver,91.13284531076252,2,4
2019-05-26 00:00:00.000,OBR&PC USPSA May 26 2019,Level I,Linda,Mitchell,Single Stack,100.0,1,4
2019-06-01 00:00:00.000,AAPS USPSA June 1  2019,Level I,Michele,Carrasquillo,Carry Optics,98.65156376450753,2,7
2019-06-01 00:00:00.000,LPRGC- Lower Providence USPSA June 2019 Match,Level I,Jeanice,Naulty,Revolver,99.0621486199972,2,2
2019-06-08 00:00:00.000,06 Shadow Hawk Sanctioned USPSA June 8  2019 - CLASSIFIER,Level I,Sasha,Danjczek,Open,99.19298986606938,2,4
2019-06-15 00:00:00.000,WPA08 USPSA Jun 16  2019,Level I,Heather,Maslonek,PCC,94.56864528605162,3,10
2019-06-15 00:00:00.000,WSPS JUNE 2019 USPSA MATCH,Level I,Jeanice,Naulty,Revolver,92.53725044166964,4,4
2019-06-19 00:00:00.000,2019 Berry's Bullets Area 1 Championship presented by Springer Precision,Level III,Lena,Miculek,PCC,92.10856165392524,4,55
2019-06-19 00:00:00.000,2019 Berry's Bullets Area 1 Championship presented by Springer Precision,Level III,Jalise,Williams,Single Stack,98.62324919963525,2,31
2019-06-22 00:00:00.000,Castlewood June 2019 USPSA Match,Level I,Amanda,warzel,Production,100.0,1,3
2019-06-23 00:00:00.000,EHPSA USPSA 23 June 2019,Level I,Heather,Maslonek,PCC,97.6272153221533,2,21
2019-06-23 00:00:00.000,EHPSA USPSA 23 June 2019,Level I,Heather,Maslonek,PCC,95.03514748872341,4,21
2019-06-29 00:00:00.000,AAPS Classifier 29 June 2019,Level I,Bea,Le,Open,100.0,1,2
2019-07-07 00:00:00.000,PMSC USPSA JULY 2019,Level I,Amanda,warzel,Single Stack,100.0,1,3
2019-07-12 00:00:00.000,2019 Ryan Rocks!!! Charity Blast -- Sponsored by Cheely Custom Gunworks & Spencer Race Guns,Level II,CASSIE,BEAHR,Open,92.43658647765383,4,44
2019-07-13 00:00:00.000,MID11 USPSA Jul 14  2019,Level I,Stacey,Frezzolini,Limited,93.20303661658957,3,15
2019-07-13 00:00:00.000,CJR&PC USPSA Jul 14  2019,Level I,Linda,Mitchell,Single Stack,100.0,1,3
2019-07-14 00:00:00.000,Quantico Shooting Club July USPSA,Level I,Barbara,DiMattina,Open,93.23300675091207,2,6
2019-07-19 00:00:00.000,2019 Free State Championship,Level II,Cassie,Beahr,Open,91.9680990228431,2,35
2019-07-19 00:00:00.000,2019 Free State Championship,Level II,Ardena,Mrasek,Revolver,100.0,1,1
2019-07-19 00:00:00.000,2019 Electronic Shooters Protection Bighorn Classic,Level II,Jalise,Williams,Limited,91.1015576053905,5,54
2019-07-26 00:00:00.000,2019 Alaska State Sectional (Jul 25  2019 at 11:44:19 PM),Level II,Charlene,Martin,Carry Optics,94.04012805520058,4,9
2019-07-27 00:00:00.000,YRPA Mid State Meltdown 2019,Level II,Rachel,Harper,Carry Optics,90.57689757976047,5,30
2019-07-27 00:00:00.000,YRPA Mid State Meltdown 2019,Level II,Kendall,Gustafson,Production,94.80412034054247,3,7
2019-07-28 00:00:00.000,EHPSA USPSA 28 July 2019,Level I,Amy L,Baum,Single Stack,100.0,1,1
2019-08-03 00:00:00.000,KSA USPSA 3AUG2019,Level I,Kaitlyn,Thursby,Single Stack,100.0,1,1
2019-08-03 00:00:00.000,AAPS AAFG USPSA Aug  3  2019,Level I,Karen,Zeigler,PCC,100.0,1,1
2019-08-04 00:00:00.000,PMSC USPSA AUGUST 2019,Level I,Amanda,warzel,Single Stack,100.0,1,2
2019-08-10 00:00:00.000,MID11 USPSA Aug 11  2019,Level I,Stacey,Frezzolini,Open,100.0,1,12
2019-08-10 00:00:00.000,BSPSC  2019 Northern Rockies Section Championship,Level II,Katherine,Licence,Production,92.24705535831461,3,12
2019-08-10 00:00:00.000,2019 Acme Bullets Wisconsin Section Championship,Level II,Cassie,Beahr,Open,100.0,1,34
2019-08-10 00:00:00.000,TCSC Level 2 August 24 2019,Level II,Lyne,Brazeau,Single Stack,100.0,1,1
2019-08-18 00:00:00.000,York Practical Shooters Aug 18  2019,Level I,Jeanice,Naulty,Revolver,92.4638412446231,2,2
2019-08-24 00:00:00.000,OBR&PC USPSA Aug 25  2019,Level I,Linda,Mitchell,Single Stack,94.0257551484298,2,4
2019-08-29 00:00:00.000,Berrys 2019 Utah State USPSA Championship,Level II,Justine,Williams,Open,90.15696003836078,6,35
2019-08-31 00:00:00.000,KSA USPSA 31 AUGUST 2019,Level I,Kaitlyn,Thursby,Single Stack,100.0,1,1
2019-09-05 00:00:00.000,2019 High Desert Classic - Get Your Game On,Level II,Justine,Williams,Open,100.0,1,40
2019-09-07 00:00:00.000,AAPS AAFG USPSA Sep 7  2019,Level I,Karen,Zeigler,PCC,100.0,1,1
2019-09-20 00:00:00.000,Sig Open & PCC "HI-Cap" 2019 National Championship,Level III,Lena,Miculek,PCC,90.69799532960941,9,147
2019-09-27 00:00:00.000,Ontelaunee USPSA Saturday Set Up September 28 2019 (Sep 27  2019  8:52:42 PM),Level I,Jeanice,Naulty,Revolver,95.14181342838731,2,2
2019-10-04 00:00:00.000,COPS 2019 Missouri Fall Classic,Level II,Cassie,Beahr,Open,92.67787866235572,5,31
2019-10-13 00:00:00.000,CJR&PC USPSA Oct 13  2019,Level I,Linda,Mitchell,Single Stack,100.0,1,3
2019-10-17 00:00:00.000,Arkansas Section Championship 2019,Level II,ASHLEY,RHEUARK,Production,92.30437158516558,2,34
2019-10-19 00:00:00.000,WSPS OCTOBER 2019 USPSA MATCH,Level I,Jeanice,Naulty,Revolver,93.78238220760599,2,2
2019-10-19 00:00:00.000,KSA USPSA Halloween Match 19 Oct 2019,Level I,Kaitlyn,Thursby,Limited,94.41867324503197,2,12
2019-11-02 00:00:00.000,LPRGC- Lower Providence USPSA November 2019 Match,Level I,Jeanice,Naulty,Revolver,92.27304409507553,2,3
2019-11-02 00:00:00.000,AAPS AAFG USPSA Nov 2  2019,Level I,Karen,Zeigler,PCC,100.0,1,1
2019-11-03 00:00:00.000,Bridgeville Gun Club - USPSA - NOV,Level I,Mia,Farinelli,PCC,100.0,1,4
2019-11-10 00:00:00.000,Mid11 November 10  2019,Level I,Sarah,Besket,Revolver,91.22161601069291,2,2
2019-11-10 00:00:00.000,CJR&PC USPSA Nov 10   2019,Level I,Linda,Mitchell,Single Stack,96.66076532875549,2,4
2019-11-22 00:00:00.000,Ontelaunee Uspsa Sat Set Up Nov 23 2019,Level I,Matt,Olinchak,PCC,100.0,1,4
2019-11-22 00:00:00.000,Ontelaunee USPSA November 2019,Level I,Matt,Olinchak,PCC,90.7786598445054,3,12
2019-11-22 00:00:00.000,Ontelaunee USPSA November 2019,Level I,Jeanice,Naulty,Revolver,100.0,1,1
2019-11-30 00:00:00.000,Go Fast Don’t Suck Postal Match,Level I,Jack,Windes,PCC,98.31814176884608,2,213
2019-12-08 00:00:00.000,CJR&PC USPSA Dec 8  2019,Level I,Linda,Mitchell,Single Stack,100.0,1,4
2019-12-08 00:00:00.000,NHRPC - December 2019 USPSA,Level I,Jeanice,Naulty,Revolver,100.0,1,1
2019-12-16 00:00:00.000,Tidewater Practical Shooters All Classifier Dec Match,Level I,Christina,Baker,Production,100.0,1,3
2020-01-12 00:00:00.000,NHRPC - January 2020 USPSA,Level I,Jeanice,Naulty,Revolver,100.0,1,1
2020-01-12 00:00:00.000,CJR&PC USPSA Jan 12  2020,Level I,Linda,Mitchell,Single Stack,100.0,1,1
2020-02-08 00:00:00.000,WBRP  USPSA Feb 8  2020,Level I,Rae,Marsland,Limited 10,100.0,1,6
2020-02-09 00:00:00.000,NHRPC - February 2020 USPSA,Level I,Jeanice,Naulty,Revolver,100.0,1,1
2020-02-09 00:00:00.000,CJR&PC USPSA Feb 9   2020,Level I,Linda,Mitchell,Single Stack,100.0,1,2
2020-02-13 00:00:00.000,2020 Florida Open,Level II,Candice,Juliano,Limited 10,91.76294113965277,2,4
2020-02-22 00:00:00.000,OBR&PC USPSA Feb 23  2020,Level I,Linda,Mitchell,Single Stack,93.72694881553818,2,4
2020-03-08 00:00:00.000,CJR&PC USPSA Mar 6  2020,Level I,Linda,Mitchell,Single Stack,100.0,1,4
2020-05-30 00:00:00.000,Hallstead USPSA May,Level I,Sarah,Besket,Revolver,100.0,1,1
2020-05-30 00:00:00.000,AAPS USPSA Special Classifier May  30 2020,Level I,Bea,Lê,Open,97.12852003795687,2,5
2020-06-04 00:00:00.000,2020 Arkansas Section USPSA Championship,Level II,Ashley,RHEUARK,Carry Optics,93.8199667273002,6,42
2020-06-04 00:00:00.000,2020 Arkansas Section USPSA Championship,Level II,Lena,MICULEK,PCC,97.49949141569245,2,24
2020-06-06 00:00:00.000,Shongum June 2020 USPSA Match,Level I,Linda,Mitchell,Single Stack,99.577206292127,2,5
2020-06-13 00:00:00.000,WBRP USPSA  June 13   2020,Level I,Sarah,Besket,Revolver,100.0,1,1
2020-06-14 00:00:00.000,MID11 USPSA Jun 14  2020,Level I,Stacey,Frezzolini,Open,100.0,1,12
2020-06-14 00:00:00.000,Quantico Shooting Club June USPSA,Level I,Mia,Farinelli,PCC,95.19710602072288,2,7
2020-06-28 00:00:00.000,EHPSA USPSA 28 June 2020,Level I,Miriam,Ofsanik,Limited 10,100.0,1,2
2020-06-28 00:00:00.000,EHPSA USPSA 28 June 2020,Level I,Amanda,warzel,Production,90.58907385887332,4,11
2020-07-11 00:00:00.000,QPS Quantico Shooting Club July USPSA,Level I,Mia,Farinelli,PCC,100.0,1,9
2020-07-11 00:00:00.000,Shadow Hawk Defense USPSA - July,Level I,Michael,Danjczek,Revolver,100.0,1,3
2020-07-12 00:00:00.000,MID11 USPSA Jul 12  2020,Level I,Sarah,Besket,Revolver,100.0,1,1
2020-07-24 00:00:00.000,Ontelaunee USPSA July 2020,Level I,Linda,Mitchell,Single Stack,100.0,1,3
2020-07-25 00:00:00.000,Hallstead USPSA  July Match,Level I,Denice,Hamm,Single Stack,94.92303322938884,2,2
2020-08-02 00:00:00.000,2020 USPSA Hornady Area 3 Championship Match,Level III,Justine,Williams,PCC,91.29993188844492,5,31
2020-08-02 00:00:00.000,2020 USPSA Hornady Area 3 Championship Match,Level III,Jalise,Williams,Single Stack,92.13221577834004,4,14
2020-08-08 00:00:00.000,WBRP  USPSA  AUGUST 5  2020,Level I,Sarah,Besket,Limited,100.0,1,6
2020-08-21 00:00:00.000,SKSC 2020 MI Sectional,Level II,Roberta,DeHaan,Limited 10,100.0,1,2
2020-08-22 00:00:00.000,OBRPC USPSA Aug 23 2020,Level I,Linda,Mitchell,Single Stack,100.0,1,1
2020-08-22 00:00:00.000,DSS - USPSA 20-08-22,Level I,Mimi,Long,Production,100.0,1,4
2020-08-25 00:00:00.000,2020 Glock USPSA Area 6,Level III,Lena,Miculek,PCC,90.32244728059776,2,39
2020-08-30 00:00:00.000,MID11 USPSA Aug 30  2020,Level I,Stacey,Frezzolini,Open,92.48825732219407,4,14
2020-08-30 00:00:00.000,MID11 USPSA Aug 30  2020,Level I,Sarah,Besket,Revolver,100.0,1,1
2020-09-05 00:00:00.000,PMSC USPSA Sep 5  2020,Level I,Sophia,Smith,Open,98.30395240689282,3,14
2020-09-05 00:00:00.000,PMSC USPSA Sep 5  2020,Level I,Sophia,Smith,Open,93.00915783497194,6,14
2020-09-11 00:00:00.000,2020 Carolina Classic Sponsored by The Blue Bullets,Level II,Jessica,Doiron,PCC,94.63014361761086,5,31
2020-09-11 00:00:00.000,2020 Area 5 USPSA Championship - Presented By Blue Grass Sportsmen’s League,Level III,Lena,miculek,PCC,97.37368672321477,2,30
2020-09-13 00:00:00.000,MID11 USPSA Sep 13  2020,Level I,Stacey,Frezzolini,Open,100.0,1,15
2020-09-13 00:00:00.000,MID11 USPSA Sep 13  2020,Level I,Sarah,Besket,Revolver,100.0,1,1
2020-09-16 00:00:00.000,2020 Walther Arms Area 4 Championship,Level I,Lena,miculek,PCC,100.0,1,31
2020-09-26 00:00:00.000,Castlewood USPSA Sept 2020 shoot,Level I,Sophia,Smith,Open,100.0,1,3
2020-09-27 00:00:00.000,EHPSA USPSA 27 September 2020,Level I,Miriam,Ofsanik,Limited 10,96.61226145985593,2,2
2020-10-01 00:00:00.000,Berry's 2020 Area 1 Championship Presented by HawkTech Arms,Level III,Rachel,Harper,Carry Optics,97.41007552942148,5,94
2020-10-01 00:00:00.000,Berry's 2020 Area 1 Championship Presented by HawkTech Arms,Level III,Ashley,Rheuark,Carry Optics,91.04277080514382,14,94
2020-10-01 00:00:00.000,Berry's 2020 Area 1 Championship Presented by HawkTech Arms,Level III,Jalise,Williams,Limited,91.63474590817428,4,63
2020-10-01 00:00:00.000,Berry's 2020 Area 1 Championship Presented by HawkTech Arms,Level III,Lena,Miculek,PCC,91.65951053504583,3,53
2020-10-08 00:00:00.000,LCSA USPSA October 2020,Level I,Amanda,warzel,Production,100.0,1,2
2020-10-10 00:00:00.000,2020-10 USPSA at Shadow Hawk Defense,Level I,Oleg,Aksenov,Production,96.39687736454754,4,13
2020-10-10 00:00:00.000,WBRP USPSA 10/10 /2020,Level I,Sarah,Besket,Revolver,100.0,1,2
2020-11-06 00:00:00.000,2020 USPSA Oregon State Championship,Level I,Rachel,Harper,Carry Optics,92.60036177662207,3,30
2020-11-07 00:00:00.000,QPS Quantico Shooting Club November USPSA,Level I,Mia,Farinelli,PCC,90.4169817466952,4,14
2020-11-07 00:00:00.000,LPRGC- Lower Providence USPSA Nov 2020 Match,Level I,Sherley,Vasquez,Limited,100.0,1,2
2020-11-07 00:00:00.000,LPRGC- Lower Providence USPSA Nov 2020 Match,Level I,Erinn,O'donnell,Limited 10,100.0,1,1
2020-11-08 00:00:00.000,MID11 USPSA Nov 08  2020,Level I,Sarah,Besket,Revolver,100.0,1,2
2020-11-20 00:00:00.000,Ontelaunee USPSA November 2020,Level I,Sherley,vasquez,Limited 10,96.08375923634759,2,2
2020-12-06 00:00:00.000,Bridgeville - USPSA - Dec,Level I,Sasha,Danjczek,Open,100.0,1,3
2020-12-13 00:00:00.000,Shadow Hawk Defense - USPSA Dec 13th,Level I,Sasha,Danjczek,Open,100.0,1,2
2021-01-09 00:00:00.000,QPS Quantico Shooting Club January USPSA,Level I,Mia,Farinelli,PCC,93.78344426189116,3,12
2021-01-10 00:00:00.000,MID11 USPSA Jan 10  2021,Level I,Stacey,Frezzolini,Open,100.0,1,6
2021-01-11 00:00:00.000,Tidewater Practical Shooter January 11th  Uspsa Match,Level I,Christina,Baker,Production,95.24710461000876,3,7
2021-01-13 00:00:00.000,2021 Florida State USPSA Championship,Level II,Justine,Williams,PCC,100.0,1,33
2021-02-18 00:00:00.000,2021 Florida Open USPSA,Level II,Lena,Miculek,PCC,100.0,1,28
2021-02-18 00:00:00.000,2021 Florida Open USPSA,Level II,Justine,Williams,PCC,97.21966969634808,2,28
2021-03-06 00:00:00.000,FBURG March 2021 Level I USPSA,Level I,Carrie,Jarrett,Single Stack,97.90977455136938,2,6
2021-03-20 00:00:00.000,WSPS MARCH 2021 USPSA,Level I,Jeanice,Naulty,Single Stack,100.0,1,1
2021-04-08 00:00:00.000,2021 Area 6 Championship,Level III,Justine ,Williams ,PCC,94.22149451108916,3,51
2021-04-08 00:00:00.000,2021 Area 6 Championship,Level III,Lena,Miculek,PCC,91.00038627866235,4,51
2021-04-09 00:00:00.000,Team Motley Dragons Cup,Level II,Jessie,Harrison,Single Stack,100.0,1,10
2021-04-11 00:00:00.000,MID11 USPSA Apr 11  2021,Level I,Sarah,Besket,Revolver,100.0,1,1
2021-04-30 00:00:00.000,2021 SC Section Championship - Sponsored by Lead Star Arms and Palmetto State Armory,Level II,Jessica,Doiron,PCC,90.48742096786488,8,59
2021-05-01 00:00:00.000,KSA USPSA  1 May 2021,Level I,Kaitlyn,Thursby,Single Stack,100.0,1,2
2021-05-07 00:00:00.000,LCSA USPSA May 9  2021,Level I,Amanda,warzel,Single Stack,100.0,1,5
2021-05-09 00:00:00.000,MID11 USPSA May 09  2021,Level I,Stacey,Frezzolini,Open,90.31300321974595,4,11
2021-05-09 00:00:00.000,MID11 USPSA May 09  2021,Level I,Sarah,Besket,Revolver,100.0,1,1
2021-05-15 00:00:00.000,Castlewood USPSA May 2021 shoot NEW DATE,Level I,Sophia,Smith,Open,92.25351145080765,3,3
2021-05-15 00:00:00.000,York Practical Shooters USPSA May 15  2021,Level I,Brandon,Higbee,PCC,100.0,1,22
2021-05-15 00:00:00.000,2021 Inland Empire Sectional,Level II,Rachel,Harper,Carry Optics,92.74521877282461,4,54
2021-05-20 00:00:00.000,2021 Northern Arizona Classic,Level II,Jalise,Williams,Limited,97.4987468207329,2,53
2021-05-20 00:00:00.000,2021 Northern Arizona Classic,Level II,Justine,Williams,Open,98.28621645700774,2,63
2021-05-22 00:00:00.000,Hallstead USPSA May 22 Match,Level I,Stacey,Frezzolini,Open,91.02263041396336,4,15
2021-05-22 00:00:00.000,Hallstead USPSA May 22 Match,Level I,Sarah,Besket,Revolver,100.0,1,1
2021-05-26 00:00:00.000,2021 Golden Bullet,Level II,Jo anne,Osiol,Revolver,94.09785635637611,2,2
2021-06-12 00:00:00.000,QPS Quantico Shooting Club June 2021 USPSA,Level I,Judy,Mcfarland,Single Stack,100.0,1,1
2021-06-12 00:00:00.000,WBRP USPSA 6/12/2021,Level I,Sherley,Vasquez,Limited,100.0,1,4
2021-06-12 00:00:00.000,WBRP USPSA 6/12/2021,Level I,Jeanne,Ruane,Open,100.0,1,2
2021-06-13 00:00:00.000,NHRPC - June 2021 USPSA,Level I,Jeanice,Naulty,Single Stack,100.0,1,1
2021-06-13 00:00:00.000,MID11 USPSA Jun 13  2021,Level I,Sarah,Besket,Revolver,100.0,1,1
2021-06-14 00:00:00.000,Tidewater Practical Shooter June 14th match,Level I,Lou,Sassole,Open,100.0,1,3
2021-06-19 00:00:00.000,WSPS JUNE 2021 USPSA,Level I,Jeanice,Naulty,Single Stack,100.0,1,1
2021-06-23 00:00:00.000,2021 ESP Bighorn Classic - Colorado State Championship,Level II,Justine,Williams,PCC,100.0,1,28
2021-06-23 00:00:00.000,2021 ESP Bighorn Classic - Colorado State Championship,Level II,Jalise,Williams,Single Stack,100.0,1,18
2021-06-24 00:00:00.000,2021 Ruger USPSA Area 7 Championship,Level III,Justine,Williams,PCC,100.0,1,35
2021-06-24 00:00:00.000,2021 Ruger USPSA Area 7 Championship,Level III,Lena,Miculek,PCC,93.47096633292088,2,35
2021-06-24 00:00:00.000,2021 Ruger USPSA Area 7 Championship,Level III,Jalise,Williams,Single Stack,96.56964242158712,2,9
2021-07-03 00:00:00.000,AAPS AAFG USPSA July 3  2021,Level I,2 mike ftsa,Stedman still beat schwartz,Carry Optics,100.0,1,28
2021-07-11 00:00:00.000,NHRPC - July 2021 USPSA,Level I,Erinn,O'Donnell,Limited 10,100.0,1,1
2021-07-11 00:00:00.000,MID11 USPSA Jul 11  2021,Level I,Sarah,Besket,Revolver,100.0,1,1
2021-07-15 00:00:00.000,BRSP 2021 Alaska USPSA Section Championship,Level II,Justine,Williams,Open,100.0,1,12
2021-07-15 00:00:00.000,BRSP 2021 Alaska USPSA Section Championship,Level II,Jalise,Williams,Single Stack,99.0008222785236,3,5
2021-07-17 00:00:00.000,SCCPSA USPSA Jul 17 2021,Level I,Sally,Moritz,Limited 10,100.0,1,1
2021-07-24 00:00:00.000,Hallstead USPSA July 24th,Level I,Stacey,Frezzolini,Open,96.90178009668622,2,8
2021-07-24 00:00:00.000,DSS - USPSA - 21-07-24,Level I,Aaron,Sellers,PCC,94.5365425038429,3,8
2021-07-24 00:00:00.000,OBR&PC USPSA Jul 25  2021,Level I,Erin,Scarborough,Single Stack,100.0,1,1
2021-07-31 00:00:00.000,SKSC 2021 Michigan Sectional,Level II,Merideth,Scott,Limited 10,100.0,1,1
2021-08-04 00:00:00.000,2021 Berrys Bullets Area 1 Championship,Level I,Justine,Williams,PCC,97.35657173978134,2,56
2021-08-07 00:00:00.000,NHRPC - August 2021 USPSA,Level I,Jeanice,Naulty,Single Stack,100.0,1,2
2021-08-08 00:00:00.000,MID11 USPSA Aug 08  2021,Level I,Stacey,Frezzolini,Open,94.93253197065796,2,10
2021-08-08 00:00:00.000,MID11 USPSA Aug 08  2021,Level I,Sarah,Besket,Revolver,100.0,1,1
2021-08-21 00:00:00.000,WSPS AUGUST 2021 USPSA,Level I,Lola,Mckerns,Limited,95.75695955994105,2,6
2021-08-26 00:00:00.000,2021 EGW USPSA Area 8 Championship,Level III,Justine,Williams,PCC,100.0,1,58
2021-09-02 00:00:00.000,2021 Berry’s Utah State Championship,Level II,Justine,Williams,PCC,100.0,1,31
2021-09-03 00:00:00.000,Eastern Lakes Sectional Match 2021,Level I,Stacey,Frezzolini,Open,91.23290181710655,5,14
2021-09-03 00:00:00.000,Eastern Lakes Sectional Match 2021,Level I,Sarah,Besket,Revolver,100.0,1,2
2021-09-04 00:00:00.000,AAPS AAFG USPSA Sep 4  2021,Level I,Bea,Lê,PCC,100.0,1,2
2021-09-05 00:00:00.000,Northern Rockies Section Championship Match 09/05/2021 hosted by Glacier Practical Shooters,Level II,Ciara,Marie,Limited 10,100.0,1,2
2021-09-10 00:00:00.000,2021 Carolina Classic Sponsored by The Blue Bullets,Level II,Jessica,Doiron,PCC,98.71382938898027,2,44
2021-09-10 00:00:00.000,2021 Area 5 USPSA Championship - Presented by Blue Grass Sportsmen's League,Level III,Susan,Gionet,Limited 10,100.0,1,3
2021-09-10 00:00:00.000,2021 Area 5 USPSA Championship - Presented by Blue Grass Sportsmen's League,Level III,Justine,Williams,PCC,100.0,1,26
2021-09-11 00:00:00.000,WBRP Sep 11 2021,Level I,Amy,Pascale,Production,100.0,1,2
2021-09-11 00:00:00.000,NHRPC - September 2021 USPSA,Level I,Jeanice,Naulty,Single Stack,100.0,1,3
2021-09-11 00:00:00.000,Shadow Hawk Defense USPSA - Sep Sat,Level I,Nicholas,Williams,Production,96.28575104842683,2,7
2021-09-12 00:00:00.000,MID11 USPSA Sep 12  2021,Level I,Stacey,Frezzolini,Open,100.0,1,8
2021-09-12 00:00:00.000,MID11 USPSA Sep 12  2021,Level I,Sarah,Besket,Revolver,100.0,1,1
2021-09-17 00:00:00.000,SCCPSA USPSA SEPTEMBER 18 Match,Level I,Erin,Scarborough,Single Stack,90.41185382679706,2,2
2021-09-17 00:00:00.000,2021 AZ State USPSA Championship,Level II,Justine,Williams,PCC,100.0,1,30
2021-09-25 00:00:00.000,Hallstead USPSA September 25th,Level I,Sarah,Besket,Revolver,100.0,1,1
2021-10-01 00:00:00.000,North Texas Open-2021,Level II,Randi,Rogers,Single Stack,100.0,1,6
2021-10-02 00:00:00.000,LPRGC - Lower Providence USPSA Match October 2021,Level I,Matt,Olinchak,Carry Optics,100.0,1,14
2021-10-09 00:00:00.000,Shadow Hawk Defense USPSA - Oct,Level I,Sasha2,Danjczek,Open,100.0,1,7
2021-10-09 00:00:00.000,Shadow Hawk Defense USPSA - Oct,Level I,Sasha,Danjczek,Open,90.90024690286185,2,7
2021-10-10 00:00:00.000,MID11 USPSA Oct 10  2021,Level I,Stacey,Frezzolini,Open,95.04321432354318,3,11
2021-10-10 00:00:00.000,MID11 USPSA Oct 10  2021,Level I,Pia,Henzi,Production,100.0,1,1
2021-10-23 00:00:00.000,TCSC USPSA Level I October club match,Level I,Jeanice,Naulty,Single Stack,96.3205340341515,2,2
2021-10-24 00:00:00.000,Ontelaunee USPSA Oct 24 2021,Level I,Marina,Estevez-Robinson,Single Stack,100.0,1,1
2021-11-06 00:00:00.000,AAPS AAFG USPSA Nov 6  2021,Level I,Bea,Lê,PCC,100.0,1,2
2021-11-06 00:00:00.000,AAPS AAFG USPSA Nov 6  2021,Level I,Karen,Zeigler,PCC,94.89447344783811,2,2
2021-11-06 00:00:00.000,KSA USPSA 6 Nov 2021,Level I,Kaitlyn,Thursby,Limited,100.0,1,7
2021-11-10 00:00:00.000,2021 Springfield Armory Desert Classic Area 2 Championship,Level III,Justine,Williams,PCC,95.92565529062375,4,77
2021-11-12 00:00:00.000,Sugar Cane Classic,Level II,Morgan,Leonhardt,Carry Optics,90.52509447831571,3,49
2021-11-13 00:00:00.000,NHRPC - November 2021 USPSA,Level I,Jeanice,Naulty,Single Stack,100.0,1,1
2021-11-20 00:00:00.000,Shadow Hawk Defense USPSA PCC match - Nov,Level I,Brandon,Higbee,PCC,95.4915415112591,4,28
2021-12-31 00:00:00.000,ESPS SEP USPSA,Level I,Rachael,G,Carry Optics,100.0,1,13
2022-01-15 00:00:00.000,RPGi USPSA Classifier Match 15 Jan 2022,Level I,Ashlyn,EDWARDS,Carry Optics,93.02808780373456,2,18
2022-01-18 00:00:00.000,RPGi RO Course Match at MH Tactical Resort,Level I,Stormy,Stormy,Production,100.0,1,3
2022-02-14 00:00:00.000,ESPS USPSA Feb,Level I,LATARSHA,WATSON,Limited 10,100.0,1,1
2022-03-19 00:00:00.000,WSPS MARCH 2022 USPSA,Level I,Jeanice,Naulty,Revolver,98.52381986161836,2,2
2022-03-19 00:00:00.000,RPGi USPSA  Match 19 March 2022,Level I,Ashlyn,Champagne,Carry Optics,98.37659409716329,2,18
2022-04-02 00:00:00.000,AAPS AAFG USPSA Apr 2  2022,Level I,Karen,Zeigler,PCC,93.98804805658511,2,5
2022-04-02 00:00:00.000,AAPS AAFG USPSA Apr 2  2022,Level I,Bea,Lê,PCC,91.23908185124566,3,5
2022-04-09 00:00:00.000,USPSA at Shadow Hawk Defense,Level I,Nick,Williams,PCC,100.0,1,8
2022-04-09 00:00:00.000,NHRPC - April 2022 USPSA,Level I,Jeanice,Naulty,Revolver,100.0,1,3
2022-04-16 00:00:00.000,WSPS APRIL 2022 USPSA,Level I,Jeanice,Naulty,Revolver,91.65445551051087,2,2
2022-04-16 00:00:00.000,SCCPSA USPSA April 16 MATCH,Level I,Sally,Moritz,Single Stack,100.0,1,1
2022-04-20 00:00:00.000,2022 Armscor Bighorn Classic - Colorado State Championship,Level II,Justine,Williams,PCC,100.0,1,57
2022-04-20 00:00:00.000,2022 Armscor Bighorn Classic - Colorado State Championship,Level II,Jalise,Williams,Single Stack,91.68702088102971,3,18
2022-04-22 00:00:00.000,Texas State Open Championship 2022,Level II,Nami,Cannon,PCC,93.4233658299792,5,20
2022-04-22 00:00:00.000,Texas State Open Championship 2022,Level II,Randi,Rogers,Single Stack,100.0,1,12
2022-04-23 00:00:00.000,Castlewood USPSA April 2022 Shoot,Level I,Jessica,Kuivinen,Production,100.0,1,1
2022-04-23 00:00:00.000,TCSC USPSA Level I April Club Match,Level I,Jeanice,Naulty,Single Stack,100.0,1,1
2022-04-28 00:00:00.000,2022 South Carolina Section Championship sponsored by Davinci Machining and C&C Ammo,Level II,Jessica,Doiron,PCC,93.92581675429827,5,46
2022-05-07 00:00:00.000,RPGi USPSA Match May 7th  2022,Level I,Ashlyn,Champagne,Carry Optics,96.31931270956892,2,11
2022-05-12 00:00:00.000,Team Motley Dragons Cup 2.0,Level III,Justine,Williams,PCC,90.40393168456691,2,32
2022-05-12 00:00:00.000,Team Motley Dragons Cup 2.0,Level III,Jalise,Williams,Single Stack,91.40852265155931,2,7
2022-05-14 00:00:00.000,2022 Inland Empire Sectional,Level II,Mikayla,Hill,Limited,96.58727044908633,2,24
2022-05-28 00:00:00.000,ESPS USPSA  May,Level I,Sasha,Danjczek,Open,93.14543357719003,3,9
2022-05-28 00:00:00.000,Castlewood USPSA May 2022 Shoot,Level I,Amanda,warzel,Production,100.0,1,4
2022-06-02 00:00:00.000,Berry's 2022 Area 1 Championship Presented by HawkTech Arms,Level III,Justine,Williams,PCC,91.08622245754388,2,48
2022-06-04 00:00:00.000,AAPS AAFG USPSA Jun 4  2022,Level I,Bea,Lê,PCC,91.47810264642068,2,5
2022-06-04 00:00:00.000,KSA USPSA 4 JUN 2022,Level I,Kaitlyn,Thursby,Single Stack,100.0,1,1
2022-06-11 00:00:00.000,NHRPC - June 2022 USPSA,Level I,Jeanice,Naulty,Single Stack,100.0,1,3
2022-06-16 00:00:00.000,2022 Treasure State Championship,Level II,Ciara,Marie,Single Stack,100.0,1,3
2022-06-18 00:00:00.000,GPGC USPSA Jun 18  2022,Level I,Amanda,warzel,Production,93.96866551528653,2,3
2022-06-24 00:00:00.000,WarriorCo 2022 Alaska USPSA Section Championship At BRSP,Level II,Justine,Williams,PCC,100.0,1,13
2022-06-24 00:00:00.000,WarriorCo 2022 Alaska USPSA Section Championship At BRSP,Level II,Jalise,Williams,Single Stack,100.0,1,3
2022-07-02 00:00:00.000,LPRGC - Lower Providence USPSA Match July 2022,Level I,Liming,Qu,Single Stack,100.0,1,3
2022-07-09 00:00:00.000,Shadow Hawk Defense USPSA,Level I,Holly,Bentley,Limited,90.88368855076425,2,4
2022-07-14 00:00:00.000,GPGC USPSA July 16  2022,Level I,Linda,Dorisio,PCC,100.0,1,3
2022-07-14 00:00:00.000,GPGC USPSA July 16  2022,Level I,Linda,Dorisio,PCC,96.08448312524241,2,3
2022-07-16 00:00:00.000,Kettlefoot USPSA July 2022,Level I,Jed,Mercer,Open,100.0,1,3
2022-07-16 00:00:00.000,Hallstead USPSA July 16th,Level I,Pia,Henzi,Limited,93.53882050067975,2,5
2022-07-16 00:00:00.000,Bluefield TSC USPSA - Jul 16 - VA41,Level I,Tammy,Martin,Limited,100.0,1,6
2022-07-16 00:00:00.000,Free State Kansas Championship 2022,Level II,Justine,Williams,PCC,100.0,1,9
2022-07-22 00:00:00.000,Trident Armory Standby to Fly Benefit Match and Maine State Championship,Level II,Justine,Williams,PCC,100.0,1,22
2022-07-23 00:00:00.000,TCSC USPSA Level I July Club Match (ACTUAL),Level I,Jeanice,Naulty,Single Stack,100.0,1,1
2022-07-24 00:00:00.000,Dothan DGC (GFDS) USPSA 2022-07-24 (Jul 24  2022 at 12:19:05 PM),Level I,Ashlyn,Champagne,PCC,100.0,1,3
2022-07-27 00:00:00.000,2022 Cheely Custom Gunworks USPSA AREA 5 Championship,Level I,Justine,Williams,PCC,100.0,1,23
2022-07-28 00:00:00.000,2022 Magpul Wyoming Governor's Match Presented By Vortex Optics,Level II,Mayli,Perkins,Production,97.840616706569,2,6
2022-08-04 00:00:00.000,Oakdale USPSA MN07 8-4-2022,Level I,Mariah,Longhenry,Single Stack,100.0,1,5
2022-08-04 00:00:00.000,Oakdale USPSA MN07 8-4-2022,Level I,Kristi,Nelson,Single Stack,92.22371560807031,2,5
2022-08-04 00:00:00.000,Oakdale USPSA MN07 8-4-2022,Level I,Susan,Amacher,Single Stack,92.05360108447907,3,5
2022-08-06 00:00:00.000,Richmond HotShots - August 6/7  2022 USPSA,Level I,Kit,Lee,Limited 10,100.0,1,2
2022-08-06 00:00:00.000,Richmond HotShots - August 6/7  2022 USPSA,Level I,Janet,Tsui,Open,93.94687913290642,6,29
2022-08-06 00:00:00.000,LPRGC - Lower Providence USPSA Match August 2022,Level I,Jeanice,Naulty,Single Stack,100.0,1,2
2022-08-14 00:00:00.000,Rio Salado UPPL August 2022,Level I,Jessica,Jonasson,Limited,92.97898063435285,2,19
2022-08-14 00:00:00.000,SOAP August 2022 USPSA Match,Level I,Jonathan,Ebeling,Limited,93.42290105824573,3,10
2022-08-19 00:00:00.000,Armory Indoor League,Level I,Rick,Sanchez,PCC,100.0,1,3
2022-08-19 00:00:00.000,Music City Cup - 2022 TN State Match,Level I,Denise,McDonnell,PCC,100.0,1,1
2022-08-20 00:00:00.000,Richmond HotShots - August 20-21 2022 USPSA,Level I,Kit,Lee,Limited 10,93.04771612464003,3,3
2022-08-28 00:00:00.000,DPS (Dothan) USPSA 2022-08-28,Level I,Ashlyn,Champagne,PCC,91.88808636223253,3,6
2022-09-01 00:00:00.000,Berry’s 2022 Utah State Championship presented by Homestead Cabinets,Level II,Justine,Williams,Carry Optics,98.3512448004843,2,85
2022-09-03 00:00:00.000,Richmond HotShots - September 03-04 2022 USPSA,Level I,Janet,Tsui,Open,96.19567768094484,3,29
2022-09-03 00:00:00.000,Richmond HotShots - September 03-04 2022 USPSA,Level I,Linda,miyatake,Single Stack,100.0,1,2
2022-09-04 00:00:00.000,BSC September USPSA 2022 Monthly Level 1,Level I,Pam,Verville,Single Stack,100.0,1,2
2022-09-10 00:00:00.000,Shadow Hawk Defense USPSA,Level I,Holly,Bentley,Limited,100.0,1,6
2022-09-11 00:00:00.000,Bluefield TSC 22LR Hit Factor - Sep 11,Level I,Bronwyn,Owen,Open,100.0,1,1
2022-09-15 00:00:00.000,2022 Arkansas Section USPSA Championship,Level I,Kelly,Brown,Revolver,100.0,1,2
2022-09-17 00:00:00.000,BAPS USPSA  September 2022,Level I,Kristen,Day,Limited,91.14507841345815,2,7
2022-09-18 00:00:00.000,York Practical Shooters USPSA Sep 18  2022,Level I,Jeanice,Naulty,Single Stack,100.0,1,1
2022-09-22 00:00:00.000,2022 Walther Arms Area 4 Championship,Level III,Meghan,Smiley,Open,90.98599068632547,13,63
2022-09-24 00:00:00.000,ESPS USPSA  Sept,Level I,Sasha,Danjczek,Open,91.06228701430754,2,10
2022-09-24 00:00:00.000,QH Practical Pistol 24 Sept 2022,Level I,Darren,Hall,PCC,100.0,1,1
2022-09-25 00:00:00.000,DAP - September 25 2022 USPSA Match,Level I,Trish,Sargentini,Limited,91.76832298522201,2,4
2022-09-30 00:00:00.000,North Texas Open - 2022,Level II,Randi,Rogers,Single Stack,100.0,1,6
2022-10-01 00:00:00.000,BSC USPSA Oct 02  2022,Level I,Sin,Ng,PCC,100.0,1,1
2022-10-01 00:00:00.000,2022-09-30 USPSA  Low Light Match at Phoenix Rod and Gun Club,Level I,Tennis,Dran,Carry Optics,90.92591537085889,3,17
2022-10-02 00:00:00.000,Master Blasters USPSA at SSFGPA - Oct,Level I,Susan,Gionet,Limited 10,100.0,1,1
2022-10-02 00:00:00.000,Cactus USPSA October 2 2022,Level I,Joleen,Turner,Single Stack,100.0,1,3
2022-10-08 00:00:00.000,AGC Action Shooting VA40 USPSA Oct 08  2022,Level I,Laura,Torres-Reyes,PCC,100.0,1,4
2022-10-08 00:00:00.000,RPS October 2022 USPSA Match,Level I,Jessica,Doiron,PCC,93.76636713067015,3,8
2022-10-08 00:00:00.000,RPS October 2022 USPSA Match,Level I,Heidi,Thomson,Production,100.0,1,2
2022-10-09 00:00:00.000,DPS (Dothan) USPSA 2022-10-09,Level I,Ashlyn,Champagne,PCC,100.0,1,4
2022-10-13 00:00:00.000,Triforce Practical Shooters at Big Woods Goods 10-13-2022 USPSA,Level I,Carol,Sauers,Limited,91.61782949543392,2,3
2022-10-13 00:00:00.000,CT USPSA Oct 13  2022,Level I,Danielle,Mergner,Limited,100.0,1,1
2022-10-15 00:00:00.000,Richmond HotShots - October 15-16 USPSA,Level I,Janet,Tsui,Open,93.06189182150729,4,18
2022-10-19 00:00:00.000,2022 Blue Bullets Production and PCC Nationals Presented by Federal,Level III,Justine,Williams,PCC,94.93706910528934,2,148
2022-10-22 00:00:00.000,TCSC USPSA Level I October Club Match,Level I,Rachael,G,PCC,93.74597266320175,3,6
2022-10-22 00:00:00.000,ESPS USPSA  Oct 22  2022,Level I,Rachael,G,PCC,92.78375611087684,3,4
2022-10-23 00:00:00.000,EHPSA USPSA 23 October 2022,Level I,Amanda,warzel,Production,92.42986509457684,2,4
2022-10-23 00:00:00.000,Quantico Shooting Club 10232022 RO Course World Championship,Level I,Lauren,Prentiss,PCC,100.0,1,1
2022-11-05 00:00:00.000,LPRGC - Lower Providence USPSA Match November 2022 Match,Level I,Jeanice,Naulty,Single Stack,96.6424556392183,2,3
2022-11-05 00:00:00.000,Richmond HotShots - Nov 5-6 USPSA,Level I,Janet,Tsui,Open,91.37486490247281,5,23
2022-11-09 00:00:00.000,2022 Springfield Armory Desert Classic Area 2 Championship,Level III,Justine,Williams,PCC,96.35019193472728,4,72
2022-11-12 00:00:00.000,NHRPC - November 2022,Level I,Jeanice,Naulty,Single Stack,94.4673969005435,2,2
2022-11-13 00:00:00.000,MID11 USPSA Nov 13  2022,Level I,Donald,Seigle,Single Stack,100.0,1,1
2022-11-26 00:00:00.000,RPGi USPSA 6 Stage Match November 26th,Level I,Ashlyn,Champagne,PCC,90.75627762065798,3,10
2022-11-27 00:00:00.000,DPS (Dothan) USPSA 2022-11-27,Level I,Ashlyn,Champagne,PCC,93.97515810821773,2,7
2022-12-03 00:00:00.000,Richmond HotShots - Dec 3-4 - USPSA,Level I,Kelly,Chi,Limited,91.99859936449252,2,3
2022-12-28 00:00:00.000,USPSA Outlaw  - January 2023,Level I,Bea,Lê,PCC,91.11951625688275,2,3
2022-12-31 00:00:00.000,CCPL 12-31-2022,Level I,Alli,Sanchez,Production,97.44916615295612,2,3
2022-12-31 00:00:00.000,CCPL 12-31-2022,Level I,Sandra,Sanchez,Single Stack,100.0,1,3
2022-12-31 00:00:00.000,XMG USPSA   Special New Years Eve Match Saturday  December 31st  2022,Level I,Thy ("Tee"),Ngo,Open,91.54020767926839,4,12
2022-12-31 00:00:00.000,RPGi USPSA Last Match of the year,Level I,Ashlyn,Champagne,PCC,100.0,1,16
2022-12-31 00:00:00.000,Chinook Country Shooters New Years Dec 31  2022,Level I,Cathryn,Brewer,Production,100.0,1,1
2023-01-01 00:00:00.000,QH Practical Pistol January 1  2023,Level I,Joan,Cianciolo,Production,100.0,1,1
2023-01-02 00:00:00.000,Gara di Prova 2023,Level I,Pil,Sempronio,Production,100.0,1,1
2023-01-08 00:00:00.000,DPS (Dothan) USPSA 2023-01-08,Level I,Ashlyn,Champagne,PCC,93.53972333815653,3,6
2023-01-08 00:00:00.000,IPSC66 WCRH AT T-REX USPSA Jan 01 & 08 2023,Level I,Matilda,Reilly,Production,95.05754461066236,2,7
2023-02-18 00:00:00.000,GPGC Polar Blast Feb 18  2023,Level I,Linda,Dorisio,PCC,100.0,1,3
2023-03-02 00:00:00.000,FBURG USPSA MARCH 2023,Level I,Carrie,Jarrett,Limited,93.90183438687608,2,9
2023-03-04 00:00:00.000,SWGC USPSA Pistol Match - March 2023,Level I,Jessica,Doiron,PCC,100.0,1,10
2023-03-31 00:00:00.000,2023 Gulf Coast Championship,Level II,Randi,Rogers,Single Stack,100.0,1,7
2023-04-01 00:00:00.000,GPGC Orientation,Level I,Sharon,Mathieu,PCC,100.0,1,1
2023-04-08 00:00:00.000,NHRPC - April 2023,Level I,Jeanice,Naulty,Single Stack,100.0,1,1
2023-04-08 00:00:00.000,LCSA USPSA April 2023,Level I,Amanda,warzel,Limited,93.6400585897018,3,9
2023-04-09 00:00:00.000,MID11 USPSA Apr 09 2023,Level I,Sarah,Besket,Revolver,100.0,1,1
2023-04-16 00:00:00.000,York Practical Shooters USPSA April 16  2023,Level I,Tristin,Burris,Limited,90.59692857473718,3,13
2023-04-28 00:00:00.000,WAC 11th Annual Gary "Doc" Welt Memorial Match,Level II,Kim,Royal,Single Stack,95.68790359146236,4,8
2023-04-28 00:00:00.000,Texas State Open Championship 2023,Level I,Nami,Cannon,PCC,90.94084389373799,5,22
2023-04-28 00:00:00.000,Texas State Open Championship 2023,Level I,Randi,Rogers,Single Stack,100.0,1,4
2023-05-06 00:00:00.000,Shongum May 2023 USPSA Match,Level I,Emily,Mo,Open,100.0,1,8
2023-05-07 00:00:00.000,PMSC USPSA MAY 2023,Level I,Amanda,warzel,Limited 10,100.0,1,1
2023-05-07 00:00:00.000,PMSC USPSA MAY 2023,Level I,Linda,Dorisio,PCC,100.0,1,5
2023-05-13 00:00:00.000,LCSA USPSA May 2023,Level I,Amanda,Warzel,Limited 10,100.0,1,1
2023-05-13 00:00:00.000,NHRPC - May 2023,Level I,Jeanice,Naulty,Single Stack,100.0,1,1
2023-05-18 00:00:00.000,2023 Northern Arizona Classic,Level II,Justine,Williams,Carry Optics,94.02799417966104,2,109
2023-05-19 00:00:00.000,Double tap Championship 2023,Level II,Randi,Rogers,Single Stack,100.0,1,3
2023-05-20 00:00:00.000,Jesse Dove Benefit Match,Level I,Carrie,Jarrett,Limited,100.0,1,7
2023-05-20 00:00:00.000,WSPS MAY 2023 USPSA,Level I,Rachael,G,PCC,100.0,1,5
2023-05-21 00:00:00.000,York Practical Shooters USPSA May 21  2023,Level I,Jeanice,Naulty,Single Stack,98.03238426547348,2,2
2023-05-21 00:00:00.000,Hallstead  USPSA May 21  2023,Level I,Sarah,Besket,Revolver,100.0,1,1
2023-05-23 00:00:00.000,Fairfax PS USPSA 2023 May,Level I,Virginia,Barone,Limited,100.0,1,2
2023-05-27 00:00:00.000,Castlewood May 2023 USPSA Monthly Match,Level I,Amanda,warzel,Limited 10,100.0,1,1
2023-05-27 00:00:00.000,LCSC Linden USPSA 052723 - 052823,Level I,wendy,wong,PCC,91.61374879298819,4,12
2023-05-27 00:00:00.000,TCSC USPSA Level I May Club Match,Level I,Jeanice,Naulty,Single Stack,100.0,1,1
2023-06-02 00:00:00.000,Trident Armory Standby to Fly Benefit Match and Maine State Championship,Level II,Jalise,Williams,Single Stack,100.0,1,3
2023-06-03 00:00:00.000,LPRGC - Lower Providence USPSA Match June 2023 Match,Level I,Jeanice,Naulty,Single Stack,100.0,1,2
2023-06-11 00:00:00.000,DPS (Dothan) USPSA 2023-06-11,Level I,Ashlyn,Champagne,PCC,100.0,1,6
2023-06-17 00:00:00.000,Castlewood June 2023 USPSA Monthly Match,Level I,Amanda,warzel,Limited 10,100.0,1,1
2023-06-17 00:00:00.000,Castlewood June 2023 USPSA Monthly Match,Level I,Amanda,warzel,Revolver,100.0,1,1
2023-06-17 00:00:00.000,Free State Kansas Championship 2023,Level II,Reese,Boswell,PCC,91.25197328049518,3,10
2023-06-17 00:00:00.000,WSPS JUNE 2023 USPSA,Level I,Jeanice,Naulty,Single Stack,100.0,1,3
2023-06-18 00:00:00.000,York Practical Shooters - June 18  2023,Level I,Jeanice,Naulty,Single Stack,100.0,1,2
2023-06-18 00:00:00.000,AGC USPSA Jun 18  2023,Level I,BJ,Ratliff,Open,100.0,1,2
2023-06-24 00:00:00.000,Ontelaunee USPSA Jun 23  2023,Level I,Jeanice,Naulty,Production,98.52451869456166,2,3
2023-07-01 00:00:00.000,RPGi USPSA 7-Stage Freedom Match July 1st at the Farm (Gaskin  FL),Level I,Ashley,Yates,Open,98.59600177375192,2,9
2023-07-01 00:00:00.000,RPGi USPSA 7-Stage Freedom Match July 1st at the Farm (Gaskin  FL),Level I,Ashlyn,Champagne,PCC,91.18429019484996,2,9
2023-07-02 00:00:00.000,PMSC USPSA JULY 2023,Level I,Amanda,warzel,Revolver,100.0,1,1
2023-07-07 00:00:00.000,2023 Ryan Rocks!!! Charity Blast,Level I,Robbin,Mosdossy,Limited 10,100.0,1,1
2023-07-08 00:00:00.000,RPGi USPSA  August 19th at the Farm,Level I,Ashlyn,Champagne,PCC,98.76663859421646,2,9
2023-07-08 00:00:00.000,Quinton USPSA - July 8 2023,Level I,Lauren,Cavanaugh,Limited,100.0,1,1
2023-07-08 00:00:00.000,NHRPC - July 2023,Level I,Jeanice,Naulty,Production,98.21255422792387,2,5
2023-07-09 00:00:00.000,DPS (Dothan) USPSA 2023-07-09,Level I,Ashlyn,Champagne,Carry Optics,99.61394777414452,2,15
2023-07-09 00:00:00.000,DPS (Dothan) USPSA 2023-07-09,Level I,Ashlyn,Champagne,PCC,100.0,1,8
2023-07-14 00:00:00.000,2023 Ruger USPSA Area 7 Championship,Level III,Jalise,Williams,Single Stack,100.0,1,9
2023-07-15 00:00:00.000,SCCPSA USPSA JULY 15 MATCH,Level I,Sally,Moritz,Single Stack,100.0,1,2
2023-07-15 00:00:00.000,WSPS JULY 2023 USPSA,Level I,Jeanice,Naulty,Single Stack,100.0,1,2
2023-07-16 00:00:00.000,AGC USPSA Jul 16  2023,Level I,BJ,Ratliff,Open,96.75563711668883,2,2
2023-07-16 00:00:00.000,York Practical Shooters USPSA July 16  2023,Level I,Jeanice,Naulty,Single Stack,100.0,1,3
2023-07-16 00:00:00.000,Hallstead USPSA Jul 16  2023,Level I,Sarah,Besket,Revolver,100.0,1,1
2023-07-22 00:00:00.000,TCSC USPSA Level I July Club Match,Level I,Tristin,Burris,Limited,97.39399399393164,2,8
2023-07-22 00:00:00.000,TCSC USPSA Level I July Club Match,Level I,Jeanice,Naulty,Single Stack,100.0,1,1
2023-07-25 00:00:00.000,2023 Berry's Area 1 Championship Presented By Davinci Machining The Performance PCC,Level III,Morgan,Leonhardt,Carry Optics,95.10113989944894,8,143
2023-08-05 00:00:00.000,LPRGC - Lower Providence USPSA Match August 2023 Match,Level I,Jeanice,Naulty,Single Stack,100.0,1,2
2023-08-05 00:00:00.000,ESPS USPSA  Aug 5  2023,Level I,Tristin,Burris,Limited,100.0,1,4
2023-08-05 00:00:00.000,KSA USPSA 5 August 2023,Level I,Kaitlyn,Thursby,Carry Optics,100.0,1,2
2023-08-06 00:00:00.000,PMSC USPSA AUGUST 2023,Level I,Amanda,warzel,Limited 10,100.0,1,2
2023-08-12 00:00:00.000,2023 Columbia Cascade Sectional,Level II,Mikayla,Hill,Limited,93.50275638017636,2,15
2023-08-12 00:00:00.000,2023 Columbia Cascade Sectional,Level II,Juliann,Davis,Revolver,100.0,1,2
2023-08-12 00:00:00.000,LCSA USPSA August 2023,Level I,Amanda,warzel,Limited 10,100.0,1,1
2023-08-12 00:00:00.000,Quinton USPSA - August 12 2023,Level I,Lauren,Cavanaugh,Limited,100.0,1,1
2023-08-13 00:00:00.000,DPS (Dothan) USPSA 2023--08-13,Level I,Ashlyn,Champagne,PCC,100.0,1,7
2023-08-19 00:00:00.000,WSPS AUGUST 2023 USPSA,Level I,Jeanice,Naulty,Revolver,91.31991012618477,2,2
2023-08-19 00:00:00.000,SCCPSA USPSA AUGUST 19  MATCH,Level I,Sophia,Byrum,PCC,100.0,1,1
2023-08-20 00:00:00.000,York Practical Shooters USPSA Aug 20  2023,Level I,Jeanice,Naulty,Revolver,94.40133152573141,2,2
2023-08-24 00:00:00.000,2023 Area 8 Championship,Level III,Morgan,Leonhardt,Carry Optics,96.59861277868974,5,136
2023-08-26 00:00:00.000,BCPL USPSA Classifier Match,Level I,amanda,warzel,Revolver,100.0,1,1
2023-08-31 00:00:00.000,Berry's 2023 Utah State Championship presented by Homestead Cabinets,Level II,Jalise,Williams,Limited,93.00956596935936,3,33
2023-08-31 00:00:00.000,Berry's 2023 Utah State Championship presented by Homestead Cabinets,Level II,Justine,Williams,PCC,100.0,1,31
2023-09-02 00:00:00.000,RPGi USPSA September 2nd At The Farm,Level I,Ashlyn,Champagne,PCC,94.59099369410174,3,14
2023-09-04 00:00:00.000,2023 Vortex Optics Open & PCC Nationals Presented by Federal,Level I,Justine,Williams,PCC,93.72022778938988,3,162
2023-09-10 00:00:00.000,DPS (Dothan) USPSA 2023--09-10,Level I,Julie,Fleming,Limited,100.0,1,1
2023-09-21 00:00:00.000,2023 Berry’s Red Rock Rumble,Level II,Justine,Williams,PCC,100.0,1,43
2023-09-21 00:00:00.000,2023 Berry’s Red Rock Rumble,Level II,Jalise,Williams,Single Stack,100.0,1,6
2023-09-23 00:00:00.000,Castlewood September 2023 USPSA Monthly Match,Level I,Amanda,warzel,Production,91.37675666230393,2,4
2023-09-29 00:00:00.000,CZ-USA Missouri Fall Classic Sep 29 2023,Level II,Kylie,Wells,PCC,91.8864402891643,5,30
2023-10-08 00:00:00.000,DPS (Dothan) USPSA 2023-10-08,Level I,Ashlyn,Champagne,PCC,96.79118762217965,3,7
2023-10-19 00:00:00.000,PRIMARY ARMS Space City Challenge 2023,Level II,Meghan,Smiley,Open,94.98394086668546,2,75
2023-10-19 00:00:00.000,PRIMARY ARMS Space City Challenge 2023,Level II,Randi,Rogers,Single Stack,98.72198272863426,2,9
2023-10-21 00:00:00.000,RPGi USPSA October 21st Match At The Farm,Level I,Ashlyn,Champagne,PCC,98.11945033802158,2,13
2023-11-08 00:00:00.000,2023 Desert Classic Area 2 Championship,Level III,Jalise,Williams,Single Stack,93.23861814233625,3,28
2023-11-16 00:00:00.000,2023 US IPSC Nationals By Davinci Machining,Level I,Jalise,Williams,Single Stack,91.85934506232583,6,20
2023-11-25 00:00:00.000,GPGC IPSC Outlaw Match Nov 26  2023,Level I,Linda,Dorisio,PCC,97.54429036215129,2,3
2023-12-08 00:00:00.000,RPGi Last Minute Match at the Farm December 7th  2023,Level I,Ashlyn,Champagne,PCC,100.0,1,6
2023-12-08 00:00:00.000,2023 North Florida Section By Hunter HD Gold,Level II,Ashlyn,Champagne,PCC,90.24277624909286,9,44
2023-12-30 00:00:00.000,GPGC “BANGING IN THE NEW YEAR” IPSC Outlaw Match,Level I,Linda,Dorisio,PCC,90.48919748658602,2,4
2024-01-13 00:00:00.000,RPGi USPSA Hybrid Classifier Match at the Farm!,Level I,Ashlyn,Champagne,Revolver,100.0,1,1
2024-02-01 00:00:00.000,USA Extreme Open 2024,Level III,Jalise,Williams,Single Stack,100.0,1,5
2024-02-15 00:00:00.000,2024 Gulf Coast Championship,Level II,Randi,Rogers,Single Stack,99.46696510976176,2,7
2024-02-16 00:00:00.000,Shooting International Open USPSA Level II Sponsored by Taurus,Level II,Ashlyn,Champagne,PCC,100.0,1,16
2024-03-10 00:00:00.000,DPS (Dothan) USPSA 2024-03-10,Level I,Ashlyn,Champagne,PCC,100.0,1,7
2024-03-21 00:00:00.000,2024 South Carolina Section Championship brought to you by MasterPiece Arms,Level I,Morgan,Leonhardt,Carry Optics,94.52428197401946,5,110
2024-03-21 00:00:00.000,2024 South Carolina Section Championship brought to you by MasterPiece Arms,Level I,Ashlyn,Champagne,PCC,92.06174117657758,5,60
2024-04-10 00:00:00.000,Rio Salado 2024 U.S IPSC Handgun Nationals,Level I,Jalise,Williams,Single Stack,92.45099899809549,6,37
2024-04-14 00:00:00.000,DPS (Dothan) USPSA 2024-04-14,Level I,Ashlyn,Champagne,PCC,100.0,1,5
2024-04-26 00:00:00.000,2024 DELMARVA Section Championship Presented by Southern Bobby Q,Level I,Han,Yu,Limited 10,100.0,1,1
2024-04-26 00:00:00.000,Texas State Open Championship 2024,Level I,Nami,Cannon,PCC,90.81535004194147,4,29
2024-04-26 00:00:00.000,Texas State Open Championship 2024,Level I,Randi,Rogers,Single Stack,100.0,1,8
2024-05-02 00:00:00.000,2024 Excaliber Ammunition Ohio State Buckeye Blast,Level II,Jessica,Doiron,PCC,92.32268703662521,9,28
2024-05-12 00:00:00.000,DPS (Dothan) USPSA 2024-05-12,Level I,Ashlyn,Champagne,PCC,100.0,1,4
2024-05-16 00:00:00.000,Berry's 2024 Area 1 Championship Presented by HawkTech Arms,Level III,Jalise,Williams,Single Stack,100.0,1,7
2024-05-16 00:00:00.000,2024 Alabama State USPSA Championship Sponsored By The Blue Bullets,Level II,Ashlyn,Champagne,PCC,91.91904261376105,7,34
2024-05-20 00:00:00.000,RPGi USPSA 7-Stage Match April 20th  2024,Level I,Ashlyn,Champagne,PCC,94.91924844175522,2,10
2024-05-25 00:00:00.000,RPGi USPSA  8-Stage Memorial Day Weekend Match At The Farm,Level I,Ashlyn,Champagne,PCC,100.0,1,16
2024-06-06 00:00:00.000,PRIMARY ARMS Space City Challenge 2024,Level I,Jordan,Scott,Limited Optics,90.02328950283945,15,79
2024-06-06 00:00:00.000,PRIMARY ARMS Space City Challenge 2024,Level I,Ashlyn,Champagne,PCC,93.74714378873139,3,30
2024-06-06 00:00:00.000,PRIMARY ARMS Space City Challenge 2024,Level I,Randi,Rogers,Single Stack,96.76829286743398,2,5
2024-06-14 00:00:00.000,2024 Bluegrass USPSA Championship - Presented by GX Products,Level I,Teagan,Richman,PCC,96.7339931035194,2,25
2024-06-14 00:00:00.000,2024 Treasure State Championship,Level II,Naomi,Moss,Single Stack,99.62435576104257,2,8
2024-06-23 00:00:00.000,DPS (Dothan) USPSA 2024-06-23,Level I,Ashlyn,Champagne,PCC,100.0,1,11
2024-07-12 00:00:00.000,2024 Wild West Guns Alaska USPSA Section Championship hosted by BRSP,Level II,Justine,Williams,Limited Optics,91.90875166944082,2,20
2024-07-13 00:00:00.000,2024 Columbia Cascade Sectional Presented by SIG SAUER,Level I,Rachel,Harper,Carry Optics,93.38066750697757,2,76
2024-07-26 00:00:00.000,2024 Cheely Custom Gunworks Michigan Sectional,Level II,Teagan,Richman,PCC,91.55407671976415,3,20
2024-08-10 00:00:00.000,2024 Tennessee USPSA Section Championship,Level II,Kristen,Day,Limited,90.5256358262069,2,4
2024-08-10 00:00:00.000,2024 Tennessee USPSA Section Championship,Level II,Ashlyn,Champagne,PCC,100.0,1,15
2024-08-29 00:00:00.000,Berry's 2024 Utah State Championship presented by Homestead Cabinets,Level II,Justine,Williams,Limited Optics,96.36823032066587,4,66
2024-08-29 00:00:00.000,Berry's 2024 Utah State Championship presented by Homestead Cabinets,Level II,Jalise,Williams,Single Stack,100.0,1,7
2024-08-30 00:00:00.000,The 2024 Free State Championship Presented by Vortex,Level II,Justine,Williams,Limited Optics,100.0,1,32
2024-09-10 00:00:00.000,2024 SIG Sauer Handgun Nationals Presented by Vortex Optics,Level I,Devin,McManus,Open,100.0,1,5
2024-09-10 00:00:00.000,2024 SIG Sauer Handgun Nationals Presented by Vortex Optics,Level I,Jalise,Williams,Single Stack,93.07646580584964,5,32
